"id","pred"
"2017_1112_1116",0.762892418918748
"2017_1112_1124",0.762892418918748
"2017_1112_1137",0.808056633680019
"2017_1112_1139",0.785811571185804
"2017_1112_1153",0.762892418918748
"2017_1112_1166",0.762892418918748
"2017_1112_1173",0.814483658420012
"2017_1112_1181",0.762892418918748
"2017_1112_1190",0.814483658420012
"2017_1112_1195",0.796888897250269
"2017_1112_1196",0.775371081037283
"2017_1112_1199",0.762892418918748
"2017_1112_1211",0.750041304813338
"2017_1112_1233",0.828798534891901
"2017_1112_1235",0.775371081037283
"2017_1112_1240",0.848581107988964
"2017_1112_1242",0.762892418918748
"2017_1112_1243",0.839822595041717
"2017_1112_1245",0.762892418918748
"2017_1112_1246",0.727751955968313
"2017_1112_1257",0.584651045703249
"2017_1112_1266",0.785811571185804
"2017_1112_1268",0.812248466013795
"2017_1112_1274",0.848581107988964
"2017_1112_1276",0.775402564527948
"2017_1112_1277",0.848581107988964
"2017_1112_1278",0.785811571185804
"2017_1112_1291",0.814483658420012
"2017_1112_1292",0.762892418918748
"2017_1112_1297",0.808056633680019
"2017_1112_1300",0.785811571185804
"2017_1112_1305",0.785811571185804
"2017_1112_1308",0.785811571185804
"2017_1112_1309",0.794348810599456
"2017_1112_1314",0.481861279056654
"2017_1112_1315",0.814483658420012
"2017_1112_1321",0.785811571185804
"2017_1112_1323",0.785811571185804
"2017_1112_1329",0.785811571185804
"2017_1112_1332",0.762892418918748
"2017_1112_1343",0.848581107988964
"2017_1112_1344",0.862470773522052
"2017_1112_1345",0.785811571185804
"2017_1112_1348",0.762892418918748
"2017_1112_1355",0.826142041127416
"2017_1112_1371",0.848581107988964
"2017_1112_1374",0.750041304813338
"2017_1112_1376",0.848581107988964
"2017_1112_1388",0.775371081037283
"2017_1112_1407",0.816390678049655
"2017_1112_1411",0.826142041127416
"2017_1112_1413",0.862470773522052
"2017_1112_1417",0.669586197542476
"2017_1112_1423",0.762892418918748
"2017_1112_1425",0.775371081037283
"2017_1112_1433",0.762892418918748
"2017_1112_1435",0.804130059807078
"2017_1112_1436",0.775371081037283
"2017_1112_1437",0.762892418918748
"2017_1112_1438",0.785811571185804
"2017_1112_1439",0.826142041127416
"2017_1112_1448",0.826142041127416
"2017_1112_1452",0.61447867028375
"2017_1112_1455",0.762892418918748
"2017_1112_1457",0.862470773522052
"2017_1112_1458",0.750041304813338
"2017_1112_1462",0.828798534891901
"2017_1116_1124",0.390350387812129
"2017_1116_1137",0.56258129538708
"2017_1116_1139",0.554651897546982
"2017_1116_1153",0.371110237064137
"2017_1116_1166",0.482522166806762
"2017_1116_1173",0.542404783163819
"2017_1116_1181",0.462183098949769
"2017_1116_1190",0.607153985316647
"2017_1116_1195",0.461636954248715
"2017_1116_1196",0.368608722338182
"2017_1116_1199",0.339349717089938
"2017_1116_1211",0.341761092782354
"2017_1116_1233",0.650130776209059
"2017_1116_1235",0.434842717548274
"2017_1116_1240",0.57714963001776
"2017_1116_1242",0.300485095725536
"2017_1116_1243",0.61447867028375
"2017_1116_1245",0.434842717548274
"2017_1116_1246",0.286163658120426
"2017_1116_1257",0.277239332024157
"2017_1116_1266",0.599457313484325
"2017_1116_1268",0.496071851612064
"2017_1116_1274",0.436271822373492
"2017_1116_1276",0.607153985316647
"2017_1116_1277",0.528414382359745
"2017_1116_1278",0.482522166806762
"2017_1116_1291",0.61447867028375
"2017_1116_1292",0.436271822373492
"2017_1116_1297",0.596171690561921
"2017_1116_1300",0.531797834746777
"2017_1116_1305",0.554651897546982
"2017_1116_1308",0.642780715350565
"2017_1116_1309",0.607153985316647
"2017_1116_1314",0.282775672097507
"2017_1116_1315",0.607153985316647
"2017_1116_1321",0.489558076456544
"2017_1116_1323",0.481861279056654
"2017_1116_1329",0.51698203535856
"2017_1116_1332",0.286163658120426
"2017_1116_1343",0.57714963001776
"2017_1116_1344",0.607153985316647
"2017_1116_1345",0.365449615429882
"2017_1116_1348",0.482522166806762
"2017_1116_1355",0.61447867028375
"2017_1116_1371",0.51698203535856
"2017_1116_1374",0.339349717089938
"2017_1116_1376",0.536085423945051
"2017_1116_1388",0.339349717089938
"2017_1116_1407",0.607153985316647
"2017_1116_1411",0.61447867028375
"2017_1116_1413",0.61447867028375
"2017_1116_1417",0.356883666992279
"2017_1116_1423",0.507490834055919
"2017_1116_1425",0.599457313484325
"2017_1116_1433",0.446946467446247
"2017_1116_1435",0.61447867028375
"2017_1116_1436",0.482522166806762
"2017_1116_1437",0.326390310519504
"2017_1116_1438",0.423616295112476
"2017_1116_1439",0.607153985316647
"2017_1116_1448",0.61447867028375
"2017_1116_1452",0.286163658120426
"2017_1116_1455",0.491395277330068
"2017_1116_1457",0.56258129538708
"2017_1116_1458",0.390350387812129
"2017_1116_1462",0.61447867028375
"2017_1124_1137",0.762892418918748
"2017_1124_1139",0.61447867028375
"2017_1124_1153",0.507490834055919
"2017_1124_1166",0.628658237716733
"2017_1124_1173",0.750041304813338
"2017_1124_1181",0.669586197542476
"2017_1124_1190",0.762892418918748
"2017_1124_1195",0.762892418918748
"2017_1124_1196",0.650130776209059
"2017_1124_1199",0.536085423945051
"2017_1124_1211",0.599457313484325
"2017_1124_1233",0.762892418918748
"2017_1124_1235",0.602325518228841
"2017_1124_1240",0.762892418918748
"2017_1124_1242",0.536085423945051
"2017_1124_1243",0.762892418918748
"2017_1124_1245",0.565060985427574
"2017_1124_1246",0.528414382359745
"2017_1124_1257",0.436271822373492
"2017_1124_1266",0.669586197542476
"2017_1124_1268",0.650130776209059
"2017_1124_1274",0.757025926036998
"2017_1124_1276",0.762892418918748
"2017_1124_1277",0.762892418918748
"2017_1124_1278",0.762892418918748
"2017_1124_1291",0.696702532805132
"2017_1124_1292",0.621361837296475
"2017_1124_1297",0.669586197542476
"2017_1124_1300",0.669586197542476
"2017_1124_1305",0.762892418918748
"2017_1124_1308",0.750041304813338
"2017_1124_1309",0.750041304813338
"2017_1124_1314",0.379906107710969
"2017_1124_1315",0.696702532805132
"2017_1124_1321",0.732490484013632
"2017_1124_1323",0.721333607534758
"2017_1124_1329",0.628658237716733
"2017_1124_1332",0.536085423945051
"2017_1124_1343",0.727751955968313
"2017_1124_1344",0.750041304813338
"2017_1124_1345",0.662432636998311
"2017_1124_1348",0.650130776209059
"2017_1124_1355",0.749452787959229
"2017_1124_1371",0.762892418918748
"2017_1124_1374",0.51698203535856
"2017_1124_1376",0.750041304813338
"2017_1124_1388",0.551041663580497
"2017_1124_1407",0.750041304813338
"2017_1124_1411",0.770525679106763
"2017_1124_1413",0.762892418918748
"2017_1124_1417",0.536085423945051
"2017_1124_1423",0.650130776209059
"2017_1124_1425",0.727751955968313
"2017_1124_1433",0.650130776209059
"2017_1124_1435",0.669586197542476
"2017_1124_1436",0.650130776209059
"2017_1124_1437",0.607153985316647
"2017_1124_1438",0.579815263710279
"2017_1124_1439",0.750041304813338
"2017_1124_1448",0.750041304813338
"2017_1124_1452",0.507490834055919
"2017_1124_1455",0.628658237716733
"2017_1124_1457",0.750041304813338
"2017_1124_1458",0.496035017559081
"2017_1124_1462",0.750041304813338
"2017_1137_1139",0.416313875453652
"2017_1137_1153",0.379906107710969
"2017_1137_1166",0.390350387812129
"2017_1137_1173",0.491395277330068
"2017_1137_1181",0.390350387812129
"2017_1137_1190",0.51698203535856
"2017_1137_1195",0.390350387812129
"2017_1137_1196",0.339349717089938
"2017_1137_1199",0.360876023238506
"2017_1137_1211",0.390350387812129
"2017_1137_1233",0.536085423945051
"2017_1137_1235",0.424035995400663
"2017_1137_1240",0.436271822373492
"2017_1137_1242",0.291296396881777
"2017_1137_1243",0.522568886656452
"2017_1137_1245",0.424035995400663
"2017_1137_1246",0.360876023238506
"2017_1137_1257",0.277239332024157
"2017_1137_1266",0.481861279056654
"2017_1137_1268",0.401460630577523
"2017_1137_1274",0.390350387812129
"2017_1137_1276",0.536085423945051
"2017_1137_1277",0.390350387812129
"2017_1137_1278",0.44242977657794
"2017_1137_1291",0.528414382359745
"2017_1137_1292",0.390350387812129
"2017_1137_1297",0.482522166806762
"2017_1137_1300",0.436271822373492
"2017_1137_1305",0.481861279056654
"2017_1137_1308",0.481861279056654
"2017_1137_1309",0.54614060885082
"2017_1137_1314",0.283378265830076
"2017_1137_1315",0.482522166806762
"2017_1137_1321",0.431578488452769
"2017_1137_1323",0.434842717548274
"2017_1137_1329",0.390350387812129
"2017_1137_1332",0.291296396881777
"2017_1137_1343",0.481861279056654
"2017_1137_1344",0.482522166806762
"2017_1137_1345",0.300485095725536
"2017_1137_1348",0.390350387812129
"2017_1137_1355",0.56258129538708
"2017_1137_1371",0.390350387812129
"2017_1137_1374",0.329532425001622
"2017_1137_1376",0.390350387812129
"2017_1137_1388",0.360876023238506
"2017_1137_1407",0.599457313484325
"2017_1137_1411",0.61447867028375
"2017_1137_1413",0.482522166806762
"2017_1137_1417",0.379906107710969
"2017_1137_1423",0.434842717548274
"2017_1137_1425",0.489558076456544
"2017_1137_1433",0.371110237064137
"2017_1137_1435",0.51698203535856
"2017_1137_1436",0.390350387812129
"2017_1137_1437",0.356883666992279
"2017_1137_1438",0.424035995400663
"2017_1137_1439",0.56258129538708
"2017_1137_1448",0.607153985316647
"2017_1137_1452",0.291296396881777
"2017_1137_1455",0.407551136980992
"2017_1137_1457",0.482522166806762
"2017_1137_1458",0.379906107710969
"2017_1137_1462",0.482522166806762
"2017_1139_1153",0.436271822373492
"2017_1139_1166",0.599457313484325
"2017_1139_1173",0.596171690561921
"2017_1139_1181",0.607153985316647
"2017_1139_1190",0.61447867028375
"2017_1139_1195",0.57714963001776
"2017_1139_1196",0.56592821927702
"2017_1139_1199",0.507490834055919
"2017_1139_1211",0.54614060885082
"2017_1139_1233",0.669586197542476
"2017_1139_1235",0.536085423945051
"2017_1139_1240",0.61447867028375
"2017_1139_1242",0.436271822373492
"2017_1139_1243",0.61447867028375
"2017_1139_1245",0.536085423945051
"2017_1139_1246",0.436271822373492
"2017_1139_1257",0.390350387812129
"2017_1139_1266",0.61447867028375
"2017_1139_1268",0.607153985316647
"2017_1139_1274",0.557473561824894
"2017_1139_1276",0.61447867028375
"2017_1139_1277",0.606832575935056
"2017_1139_1278",0.61447867028375
"2017_1139_1291",0.61447867028375
"2017_1139_1292",0.528414382359745
"2017_1139_1297",0.607153985316647
"2017_1139_1300",0.607153985316647
"2017_1139_1305",0.61447867028375
"2017_1139_1308",0.61447867028375
"2017_1139_1309",0.61447867028375
"2017_1139_1314",0.379906107710969
"2017_1139_1315",0.607153985316647
"2017_1139_1321",0.551041663580497
"2017_1139_1323",0.565060985427574
"2017_1139_1329",0.606832575935056
"2017_1139_1332",0.436271822373492
"2017_1139_1343",0.61447867028375
"2017_1139_1344",0.61447867028375
"2017_1139_1345",0.557473561824894
"2017_1139_1348",0.599457313484325
"2017_1139_1355",0.61447867028375
"2017_1139_1371",0.599457313484325
"2017_1139_1374",0.436271822373492
"2017_1139_1376",0.584651045703249
"2017_1139_1388",0.481861279056654
"2017_1139_1407",0.61447867028375
"2017_1139_1411",0.628658237716733
"2017_1139_1413",0.61447867028375
"2017_1139_1417",0.470431397172969
"2017_1139_1423",0.584651045703249
"2017_1139_1425",0.61447867028375
"2017_1139_1433",0.599457313484325
"2017_1139_1435",0.61447867028375
"2017_1139_1436",0.607153985316647
"2017_1139_1437",0.522568886656452
"2017_1139_1438",0.536085423945051
"2017_1139_1439",0.61447867028375
"2017_1139_1448",0.628658237716733
"2017_1139_1452",0.436271822373492
"2017_1139_1455",0.607153985316647
"2017_1139_1457",0.607153985316647
"2017_1139_1458",0.470431397172969
"2017_1139_1462",0.61447867028375
"2017_1153_1166",0.628658237716733
"2017_1153_1173",0.750041304813338
"2017_1153_1181",0.61447867028375
"2017_1153_1190",0.762892418918748
"2017_1153_1195",0.762892418918748
"2017_1153_1196",0.650130776209059
"2017_1153_1199",0.584651045703249
"2017_1153_1211",0.61447867028375
"2017_1153_1233",0.762892418918748
"2017_1153_1235",0.726025687102946
"2017_1153_1240",0.785811571185804
"2017_1153_1242",0.565060985427574
"2017_1153_1243",0.775371081037283
"2017_1153_1245",0.726025687102946
"2017_1153_1246",0.568088590618264
"2017_1153_1257",0.481861279056654
"2017_1153_1266",0.727751955968313
"2017_1153_1268",0.762892418918748
"2017_1153_1274",0.775371081037283
"2017_1153_1276",0.650130776209059
"2017_1153_1277",0.775371081037283
"2017_1153_1278",0.750041304813338
"2017_1153_1291",0.762892418918748
"2017_1153_1292",0.727751955968313
"2017_1153_1297",0.762892418918748
"2017_1153_1300",0.762892418918748
"2017_1153_1305",0.762892418918748
"2017_1153_1308",0.762892418918748
"2017_1153_1309",0.669586197542476
"2017_1153_1314",0.390350387812129
"2017_1153_1315",0.762892418918748
"2017_1153_1321",0.757025926036998
"2017_1153_1323",0.750041304813338
"2017_1153_1329",0.762892418918748
"2017_1153_1332",0.584651045703249
"2017_1153_1343",0.775371081037283
"2017_1153_1344",0.762892418918748
"2017_1153_1345",0.669586197542476
"2017_1153_1348",0.650130776209059
"2017_1153_1355",0.78262885035792
"2017_1153_1371",0.775371081037283
"2017_1153_1374",0.565060985427574
"2017_1153_1376",0.785811571185804
"2017_1153_1388",0.573960739160304
"2017_1153_1407",0.762892418918748
"2017_1153_1411",0.795893736651289
"2017_1153_1413",0.775371081037283
"2017_1153_1417",0.536085423945051
"2017_1153_1423",0.750041304813338
"2017_1153_1425",0.669586197542476
"2017_1153_1433",0.669586197542476
"2017_1153_1435",0.762892418918748
"2017_1153_1436",0.727751955968313
"2017_1153_1437",0.61447867028375
"2017_1153_1438",0.739682982572626
"2017_1153_1439",0.78262885035792
"2017_1153_1448",0.78262885035792
"2017_1153_1452",0.528414382359745
"2017_1153_1455",0.650130776209059
"2017_1153_1457",0.762892418918748
"2017_1153_1458",0.536085423945051
"2017_1153_1462",0.775371081037283
"2017_1166_1173",0.56258129538708
"2017_1166_1181",0.482522166806762
"2017_1166_1190",0.607153985316647
"2017_1166_1195",0.482522166806762
"2017_1166_1196",0.446946467446247
"2017_1166_1199",0.390350387812129
"2017_1166_1211",0.436271822373492
"2017_1166_1233",0.61447867028375
"2017_1166_1235",0.481861279056654
"2017_1166_1240",0.57714963001776
"2017_1166_1242",0.371110237064137
"2017_1166_1243",0.61447867028375
"2017_1166_1245",0.44242977657794
"2017_1166_1246",0.356883666992279
"2017_1166_1257",0.360876023238506
"2017_1166_1266",0.61447867028375
"2017_1166_1268",0.531797834746777
"2017_1166_1274",0.481861279056654
"2017_1166_1276",0.607153985316647
"2017_1166_1277",0.528414382359745
"2017_1166_1278",0.528414382359745
"2017_1166_1291",0.61447867028375
"2017_1166_1292",0.436271822373492
"2017_1166_1297",0.56258129538708
"2017_1166_1300",0.531797834746777
"2017_1166_1305",0.599457313484325
"2017_1166_1308",0.606832575935056
"2017_1166_1309",0.607153985316647
"2017_1166_1314",0.34682541781493
"2017_1166_1315",0.596171690561921
"2017_1166_1321",0.489558076456544
"2017_1166_1323",0.470431397172969
"2017_1166_1329",0.528414382359745
"2017_1166_1332",0.356883666992279
"2017_1166_1343",0.57714963001776
"2017_1166_1344",0.607153985316647
"2017_1166_1345",0.416313875453652
"2017_1166_1348",0.482522166806762
"2017_1166_1355",0.607153985316647
"2017_1166_1371",0.51698203535856
"2017_1166_1374",0.390350387812129
"2017_1166_1376",0.536085423945051
"2017_1166_1388",0.390350387812129
"2017_1166_1407",0.607153985316647
"2017_1166_1411",0.61447867028375
"2017_1166_1413",0.61447867028375
"2017_1166_1417",0.390350387812129
"2017_1166_1423",0.528414382359745
"2017_1166_1425",0.61447867028375
"2017_1166_1433",0.482522166806762
"2017_1166_1435",0.607153985316647
"2017_1166_1436",0.482522166806762
"2017_1166_1437",0.461636954248715
"2017_1166_1438",0.434842717548274
"2017_1166_1439",0.607153985316647
"2017_1166_1448",0.61447867028375
"2017_1166_1452",0.371110237064137
"2017_1166_1455",0.511796540805135
"2017_1166_1457",0.56258129538708
"2017_1166_1458",0.390350387812129
"2017_1166_1462",0.61447867028375
"2017_1173_1181",0.482522166806762
"2017_1173_1190",0.607153985316647
"2017_1173_1195",0.482522166806762
"2017_1173_1196",0.462183098949769
"2017_1173_1199",0.407551136980992
"2017_1173_1211",0.436271822373492
"2017_1173_1233",0.650130776209059
"2017_1173_1235",0.489558076456544
"2017_1173_1240",0.531797834746777
"2017_1173_1242",0.390350387812129
"2017_1173_1243",0.56258129538708
"2017_1173_1245",0.452548681849009
"2017_1173_1246",0.390350387812129
"2017_1173_1257",0.329532425001622
"2017_1173_1266",0.607153985316647
"2017_1173_1268",0.531797834746777
"2017_1173_1274",0.470431397172969
"2017_1173_1276",0.61447867028375
"2017_1173_1277",0.482522166806762
"2017_1173_1278",0.536085423945051
"2017_1173_1291",0.607153985316647
"2017_1173_1292",0.481861279056654
"2017_1173_1297",0.56258129538708
"2017_1173_1300",0.531797834746777
"2017_1173_1305",0.599457313484325
"2017_1173_1308",0.606832575935056
"2017_1173_1309",0.56258129538708
"2017_1173_1314",0.34682541781493
"2017_1173_1315",0.56258129538708
"2017_1173_1321",0.489558076456544
"2017_1173_1323",0.489558076456544
"2017_1173_1329",0.482522166806762
"2017_1173_1332",0.390350387812129
"2017_1173_1343",0.584651045703249
"2017_1173_1344",0.607153985316647
"2017_1173_1345",0.436271822373492
"2017_1173_1348",0.482522166806762
"2017_1173_1355",0.56258129538708
"2017_1173_1371",0.482522166806762
"2017_1173_1374",0.390350387812129
"2017_1173_1376",0.528414382359745
"2017_1173_1388",0.390350387812129
"2017_1173_1407",0.56258129538708
"2017_1173_1411",0.61447867028375
"2017_1173_1413",0.56258129538708
"2017_1173_1417",0.390350387812129
"2017_1173_1423",0.528414382359745
"2017_1173_1425",0.607153985316647
"2017_1173_1433",0.482522166806762
"2017_1173_1435",0.607153985316647
"2017_1173_1436",0.482522166806762
"2017_1173_1437",0.461636954248715
"2017_1173_1438",0.452548681849009
"2017_1173_1439",0.607153985316647
"2017_1173_1448",0.607153985316647
"2017_1173_1452",0.371110237064137
"2017_1173_1455",0.511796540805135
"2017_1173_1457",0.596171690561921
"2017_1173_1458",0.390350387812129
"2017_1173_1462",0.56258129538708
"2017_1181_1190",0.61447867028375
"2017_1181_1195",0.61447867028375
"2017_1181_1196",0.61447867028375
"2017_1181_1199",0.575632558192361
"2017_1181_1211",0.607153985316647
"2017_1181_1233",0.762892418918748
"2017_1181_1235",0.669818200553521
"2017_1181_1240",0.61447867028375
"2017_1181_1242",0.528414382359745
"2017_1181_1243",0.61447867028375
"2017_1181_1245",0.575632558192361
"2017_1181_1246",0.54614060885082
"2017_1181_1257",0.481861279056654
"2017_1181_1266",0.650130776209059
"2017_1181_1268",0.61447867028375
"2017_1181_1274",0.650130776209059
"2017_1181_1276",0.750041304813338
"2017_1181_1277",0.650130776209059
"2017_1181_1278",0.750041304813338
"2017_1181_1291",0.669586197542476
"2017_1181_1292",0.606832575935056
"2017_1181_1297",0.628658237716733
"2017_1181_1300",0.61447867028375
"2017_1181_1305",0.628658237716733
"2017_1181_1308",0.669586197542476
"2017_1181_1309",0.607153985316647
"2017_1181_1314",0.379906107710969
"2017_1181_1315",0.61447867028375
"2017_1181_1321",0.726025687102946
"2017_1181_1323",0.750041304813338
"2017_1181_1329",0.61447867028375
"2017_1181_1332",0.557473561824894
"2017_1181_1343",0.750041304813338
"2017_1181_1344",0.750041304813338
"2017_1181_1345",0.61447867028375
"2017_1181_1348",0.61447867028375
"2017_1181_1355",0.640751407184245
"2017_1181_1371",0.628658237716733
"2017_1181_1374",0.528414382359745
"2017_1181_1376",0.650130776209059
"2017_1181_1388",0.528414382359745
"2017_1181_1407",0.61447867028375
"2017_1181_1411",0.693973770051362
"2017_1181_1413",0.650130776209059
"2017_1181_1417",0.528414382359745
"2017_1181_1423",0.628658237716733
"2017_1181_1425",0.750041304813338
"2017_1181_1433",0.61447867028375
"2017_1181_1435",0.650130776209059
"2017_1181_1436",0.61447867028375
"2017_1181_1437",0.607153985316647
"2017_1181_1438",0.612612295104252
"2017_1181_1439",0.665985557079995
"2017_1181_1448",0.675257898366858
"2017_1181_1452",0.528414382359745
"2017_1181_1455",0.61447867028375
"2017_1181_1457",0.61447867028375
"2017_1181_1458",0.528414382359745
"2017_1181_1462",0.61447867028375
"2017_1190_1195",0.379906107710969
"2017_1190_1196",0.322715299610728
"2017_1190_1199",0.34682541781493
"2017_1190_1211",0.360876023238506
"2017_1190_1233",0.489558076456544
"2017_1190_1235",0.424035995400663
"2017_1190_1240",0.434842717548274
"2017_1190_1242",0.277239332024157
"2017_1190_1243",0.51698203535856
"2017_1190_1245",0.424035995400663
"2017_1190_1246",0.291296396881777
"2017_1190_1257",0.282775672097507
"2017_1190_1266",0.436271822373492
"2017_1190_1268",0.356883666992279
"2017_1190_1274",0.379906107710969
"2017_1190_1276",0.481861279056654
"2017_1190_1277",0.423616295112476
"2017_1190_1278",0.434842717548274
"2017_1190_1291",0.481861279056654
"2017_1190_1292",0.379906107710969
"2017_1190_1297",0.436271822373492
"2017_1190_1300",0.390350387812129
"2017_1190_1305",0.470431397172969
"2017_1190_1308",0.489558076456544
"2017_1190_1309",0.536085423945051
"2017_1190_1314",0.26955797068577
"2017_1190_1315",0.482522166806762
"2017_1190_1321",0.424035995400663
"2017_1190_1323",0.424035995400663
"2017_1190_1329",0.390350387812129
"2017_1190_1332",0.277239332024157
"2017_1190_1343",0.434842717548274
"2017_1190_1344",0.482522166806762
"2017_1190_1345",0.277239332024157
"2017_1190_1348",0.390350387812129
"2017_1190_1355",0.599457313484325
"2017_1190_1371",0.390350387812129
"2017_1190_1374",0.291296396881777
"2017_1190_1376",0.434842717548274
"2017_1190_1388",0.34682541781493
"2017_1190_1407",0.54614060885082
"2017_1190_1411",0.607153985316647
"2017_1190_1413",0.507490834055919
"2017_1190_1417",0.34682541781493
"2017_1190_1423",0.379906107710969
"2017_1190_1425",0.481861279056654
"2017_1190_1433",0.356883666992279
"2017_1190_1435",0.470431397172969
"2017_1190_1436",0.390350387812129
"2017_1190_1437",0.329532425001622
"2017_1190_1438",0.412884744846537
"2017_1190_1439",0.531797834746777
"2017_1190_1448",0.57714963001776
"2017_1190_1452",0.291296396881777
"2017_1190_1455",0.390350387812129
"2017_1190_1457",0.436271822373492
"2017_1190_1458",0.34682541781493
"2017_1190_1462",0.436271822373492
"2017_1195_1196",0.390350387812129
"2017_1195_1199",0.379906107710969
"2017_1195_1211",0.379906107710969
"2017_1195_1233",0.573960739160304
"2017_1195_1235",0.431578488452769
"2017_1195_1240",0.489558076456544
"2017_1195_1242",0.379906107710969
"2017_1195_1243",0.528414382359745
"2017_1195_1245",0.424035995400663
"2017_1195_1246",0.379906107710969
"2017_1195_1257",0.282775672097507
"2017_1195_1266",0.481861279056654
"2017_1195_1268",0.436271822373492
"2017_1195_1274",0.434842717548274
"2017_1195_1276",0.489558076456544
"2017_1195_1277",0.434842717548274
"2017_1195_1278",0.44242977657794
"2017_1195_1291",0.536085423945051
"2017_1195_1292",0.424035995400663
"2017_1195_1297",0.481861279056654
"2017_1195_1300",0.436271822373492
"2017_1195_1305",0.489558076456544
"2017_1195_1308",0.481861279056654
"2017_1195_1309",0.528414382359745
"2017_1195_1314",0.283378265830076
"2017_1195_1315",0.528414382359745
"2017_1195_1321",0.469543390941222
"2017_1195_1323",0.431578488452769
"2017_1195_1329",0.423616295112476
"2017_1195_1332",0.379906107710969
"2017_1195_1343",0.489558076456544
"2017_1195_1344",0.528414382359745
"2017_1195_1345",0.390350387812129
"2017_1195_1348",0.390350387812129
"2017_1195_1355",0.607153985316647
"2017_1195_1371",0.434842717548274
"2017_1195_1374",0.34682541781493
"2017_1195_1376",0.44242977657794
"2017_1195_1388",0.379906107710969
"2017_1195_1407",0.584651045703249
"2017_1195_1411",0.628658237716733
"2017_1195_1413",0.536085423945051
"2017_1195_1417",0.379906107710969
"2017_1195_1423",0.44242977657794
"2017_1195_1425",0.489558076456544
"2017_1195_1433",0.390350387812129
"2017_1195_1435",0.528414382359745
"2017_1195_1436",0.390350387812129
"2017_1195_1437",0.390350387812129
"2017_1195_1438",0.424035995400663
"2017_1195_1439",0.599457313484325
"2017_1195_1448",0.606832575935056
"2017_1195_1452",0.329532425001622
"2017_1195_1455",0.434842717548274
"2017_1195_1457",0.482522166806762
"2017_1195_1458",0.379906107710969
"2017_1195_1462",0.536085423945051
"2017_1196_1199",0.699941320606967
"2017_1196_1211",0.723952573938494
"2017_1196_1233",0.775371081037283
"2017_1196_1235",0.699941320606967
"2017_1196_1240",0.750041304813338
"2017_1196_1242",0.659406744582978
"2017_1196_1243",0.750041304813338
"2017_1196_1245",0.551041663580497
"2017_1196_1246",0.549428687150734
"2017_1196_1257",0.44242977657794
"2017_1196_1266",0.750041304813338
"2017_1196_1268",0.650130776209059
"2017_1196_1274",0.709793786741151
"2017_1196_1276",0.762892418918748
"2017_1196_1277",0.743963562686949
"2017_1196_1278",0.762892418918748
"2017_1196_1291",0.762892418918748
"2017_1196_1292",0.699941320606967
"2017_1196_1297",0.669586197542476
"2017_1196_1300",0.628658237716733
"2017_1196_1305",0.762892418918748
"2017_1196_1308",0.762892418918748
"2017_1196_1309",0.61447867028375
"2017_1196_1314",0.424035995400663
"2017_1196_1315",0.669586197542476
"2017_1196_1321",0.699941320606967
"2017_1196_1323",0.737776178991811
"2017_1196_1329",0.662432636998311
"2017_1196_1332",0.68204893255052
"2017_1196_1343",0.762892418918748
"2017_1196_1344",0.762892418918748
"2017_1196_1345",0.723952573938494
"2017_1196_1348",0.621119968547198
"2017_1196_1355",0.669586197542476
"2017_1196_1371",0.662432636998311
"2017_1196_1374",0.504628235792567
"2017_1196_1376",0.739682982572626
"2017_1196_1388",0.659406744582978
"2017_1196_1407",0.650130776209059
"2017_1196_1411",0.762892418918748
"2017_1196_1413",0.727751955968313
"2017_1196_1417",0.659406744582978
"2017_1196_1423",0.739682982572626
"2017_1196_1425",0.762892418918748
"2017_1196_1433",0.662432636998311
"2017_1196_1435",0.762892418918748
"2017_1196_1436",0.750041304813338
"2017_1196_1437",0.739682982572626
"2017_1196_1438",0.699941320606967
"2017_1196_1439",0.750041304813338
"2017_1196_1448",0.762892418918748
"2017_1196_1452",0.489558076456544
"2017_1196_1455",0.762892418918748
"2017_1196_1457",0.762892418918748
"2017_1196_1458",0.489558076456544
"2017_1196_1462",0.727751955968313
"2017_1199_1211",0.606832575935056
"2017_1199_1233",0.762892418918748
"2017_1199_1235",0.723952573938494
"2017_1199_1240",0.650130776209059
"2017_1199_1242",0.536085423945051
"2017_1199_1243",0.650130776209059
"2017_1199_1245",0.536085423945051
"2017_1199_1246",0.528414382359745
"2017_1199_1257",0.481861279056654
"2017_1199_1266",0.650130776209059
"2017_1199_1268",0.61447867028375
"2017_1199_1274",0.642780715350565
"2017_1199_1276",0.727751955968313
"2017_1199_1277",0.669586197542476
"2017_1199_1278",0.750041304813338
"2017_1199_1291",0.727751955968313
"2017_1199_1292",0.621361837296475
"2017_1199_1297",0.61447867028375
"2017_1199_1300",0.607153985316647
"2017_1199_1305",0.650130776209059
"2017_1199_1308",0.750041304813338
"2017_1199_1309",0.607153985316647
"2017_1199_1314",0.379906107710969
"2017_1199_1315",0.61447867028375
"2017_1199_1321",0.732490484013632
"2017_1199_1323",0.757025926036998
"2017_1199_1329",0.61447867028375
"2017_1199_1332",0.536085423945051
"2017_1199_1343",0.750041304813338
"2017_1199_1344",0.669586197542476
"2017_1199_1345",0.606832575935056
"2017_1199_1348",0.607153985316647
"2017_1199_1355",0.640751407184245
"2017_1199_1371",0.650130776209059
"2017_1199_1374",0.528414382359745
"2017_1199_1376",0.750041304813338
"2017_1199_1388",0.536085423945051
"2017_1199_1407",0.61447867028375
"2017_1199_1411",0.693973770051362
"2017_1199_1413",0.628658237716733
"2017_1199_1417",0.530229533310347
"2017_1199_1423",0.727751955968313
"2017_1199_1425",0.727751955968313
"2017_1199_1433",0.61447867028375
"2017_1199_1435",0.750041304813338
"2017_1199_1436",0.61447867028375
"2017_1199_1437",0.61447867028375
"2017_1199_1438",0.685086689127341
"2017_1199_1439",0.628658237716733
"2017_1199_1448",0.650130776209059
"2017_1199_1452",0.507490834055919
"2017_1199_1455",0.61447867028375
"2017_1199_1457",0.61447867028375
"2017_1199_1458",0.507490834055919
"2017_1199_1462",0.628658237716733
"2017_1211_1233",0.806475631907722
"2017_1211_1235",0.750041304813338
"2017_1211_1240",0.78262885035792
"2017_1211_1242",0.61447867028375
"2017_1211_1243",0.806475631907722
"2017_1211_1245",0.762892418918748
"2017_1211_1246",0.607153985316647
"2017_1211_1257",0.607153985316647
"2017_1211_1266",0.795893736651289
"2017_1211_1268",0.693973770051362
"2017_1211_1274",0.762892418918748
"2017_1211_1276",0.724118030622934
"2017_1211_1277",0.762892418918748
"2017_1211_1278",0.770525679106763
"2017_1211_1291",0.806475631907722
"2017_1211_1292",0.61447867028375
"2017_1211_1297",0.806475631907722
"2017_1211_1300",0.675257898366858
"2017_1211_1305",0.692500599186001
"2017_1211_1308",0.73572503107924
"2017_1211_1309",0.795353046076492
"2017_1211_1314",0.54614060885082
"2017_1211_1315",0.806475631907722
"2017_1211_1321",0.750041304813338
"2017_1211_1323",0.669586197542476
"2017_1211_1329",0.775402564527948
"2017_1211_1332",0.61447867028375
"2017_1211_1343",0.78262885035792
"2017_1211_1344",0.806475631907722
"2017_1211_1345",0.650130776209059
"2017_1211_1348",0.631032161280802
"2017_1211_1355",0.806475631907722
"2017_1211_1371",0.775402564527948
"2017_1211_1374",0.61447867028375
"2017_1211_1376",0.775371081037283
"2017_1211_1388",0.61447867028375
"2017_1211_1407",0.806475631907722
"2017_1211_1411",0.806475631907722
"2017_1211_1413",0.806475631907722
"2017_1211_1417",0.607153985316647
"2017_1211_1423",0.61447867028375
"2017_1211_1425",0.78432561387866
"2017_1211_1433",0.631032161280802
"2017_1211_1435",0.806475631907722
"2017_1211_1436",0.640751407184245
"2017_1211_1437",0.61447867028375
"2017_1211_1438",0.762892418918748
"2017_1211_1439",0.806475631907722
"2017_1211_1448",0.806475631907722
"2017_1211_1452",0.61447867028375
"2017_1211_1455",0.640751407184245
"2017_1211_1457",0.795353046076492
"2017_1211_1458",0.61447867028375
"2017_1211_1462",0.806475631907722
"2017_1233_1235",0.353072531550856
"2017_1233_1240",0.379906107710969
"2017_1233_1242",0.282775672097507
"2017_1233_1243",0.407551136980992
"2017_1233_1245",0.386396589617213
"2017_1233_1246",0.298914678598646
"2017_1233_1257",0.243118187297942
"2017_1233_1266",0.390350387812129
"2017_1233_1268",0.277239332024157
"2017_1233_1274",0.277239332024157
"2017_1233_1276",0.286163658120426
"2017_1233_1277",0.360876023238506
"2017_1233_1278",0.277239332024157
"2017_1233_1291",0.423616295112476
"2017_1233_1292",0.291296396881777
"2017_1233_1297",0.322715299610728
"2017_1233_1300",0.277239332024157
"2017_1233_1305",0.356883666992279
"2017_1233_1308",0.44242977657794
"2017_1233_1309",0.434842717548274
"2017_1233_1314",0.261966890215971
"2017_1233_1315",0.339349717089938
"2017_1233_1321",0.282775672097507
"2017_1233_1323",0.291296396881777
"2017_1233_1329",0.291296396881777
"2017_1233_1332",0.255492897598659
"2017_1233_1343",0.379906107710969
"2017_1233_1344",0.339349717089938
"2017_1233_1345",0.293191527737467
"2017_1233_1348",0.293191527737467
"2017_1233_1355",0.482522166806762
"2017_1233_1371",0.277239332024157
"2017_1233_1374",0.282775672097507
"2017_1233_1376",0.360876023238506
"2017_1233_1388",0.282775672097507
"2017_1233_1407",0.436271822373492
"2017_1233_1411",0.528414382359745
"2017_1233_1413",0.423616295112476
"2017_1233_1417",0.282775672097507
"2017_1233_1423",0.34682541781493
"2017_1233_1425",0.286163658120426
"2017_1233_1433",0.277239332024157
"2017_1233_1435",0.390350387812129
"2017_1233_1436",0.291296396881777
"2017_1233_1437",0.293191527737467
"2017_1233_1438",0.282775672097507
"2017_1233_1439",0.401460630577523
"2017_1233_1448",0.461636954248715
"2017_1233_1452",0.298914678598646
"2017_1233_1455",0.277239332024157
"2017_1233_1457",0.286163658120426
"2017_1233_1458",0.282775672097507
"2017_1233_1462",0.390350387812129
"2017_1235_1240",0.599457313484325
"2017_1235_1242",0.339349717089938
"2017_1235_1243",0.61447867028375
"2017_1235_1245",0.489558076456544
"2017_1235_1246",0.315777031372068
"2017_1235_1257",0.356883666992279
"2017_1235_1266",0.607153985316647
"2017_1235_1268",0.554651897546982
"2017_1235_1274",0.536085423945051
"2017_1235_1276",0.56258129538708
"2017_1235_1277",0.536085423945051
"2017_1235_1278",0.511796540805135
"2017_1235_1291",0.61447867028375
"2017_1235_1292",0.436271822373492
"2017_1235_1297",0.56258129538708
"2017_1235_1300",0.554651897546982
"2017_1235_1305",0.56258129538708
"2017_1235_1308",0.61447867028375
"2017_1235_1309",0.61447867028375
"2017_1235_1314",0.329532425001622
"2017_1235_1315",0.596171690561921
"2017_1235_1321",0.481861279056654
"2017_1235_1323",0.461636954248715
"2017_1235_1329",0.565060985427574
"2017_1235_1332",0.341761092782354
"2017_1235_1343",0.588405715379711
"2017_1235_1344",0.607153985316647
"2017_1235_1345",0.446946467446247
"2017_1235_1348",0.482522166806762
"2017_1235_1355",0.607153985316647
"2017_1235_1371",0.528414382359745
"2017_1235_1374",0.390350387812129
"2017_1235_1376",0.536085423945051
"2017_1235_1388",0.390350387812129
"2017_1235_1407",0.607153985316647
"2017_1235_1411",0.61447867028375
"2017_1235_1413",0.61447867028375
"2017_1235_1417",0.339349717089938
"2017_1235_1423",0.482522166806762
"2017_1235_1425",0.607153985316647
"2017_1235_1433",0.482522166806762
"2017_1235_1435",0.607153985316647
"2017_1235_1436",0.511796540805135
"2017_1235_1437",0.427931979106762
"2017_1235_1438",0.436271822373492
"2017_1235_1439",0.607153985316647
"2017_1235_1448",0.61447867028375
"2017_1235_1452",0.356883666992279
"2017_1235_1455",0.531797834746777
"2017_1235_1457",0.56258129538708
"2017_1235_1458",0.390350387812129
"2017_1235_1462",0.61447867028375
"2017_1240_1242",0.26955797068577
"2017_1240_1243",0.390350387812129
"2017_1240_1245",0.386396589617213
"2017_1240_1246",0.26955797068577
"2017_1240_1257",0.26955797068577
"2017_1240_1266",0.412884744846537
"2017_1240_1268",0.277239332024157
"2017_1240_1274",0.296998098884616
"2017_1240_1276",0.379906107710969
"2017_1240_1277",0.386396589617213
"2017_1240_1278",0.379906107710969
"2017_1240_1291",0.424035995400663
"2017_1240_1292",0.353072531550856
"2017_1240_1297",0.34682541781493
"2017_1240_1300",0.291296396881777
"2017_1240_1305",0.360876023238506
"2017_1240_1308",0.424035995400663
"2017_1240_1309",0.390350387812129
"2017_1240_1314",0.24204109758474
"2017_1240_1315",0.34682541781493
"2017_1240_1321",0.386396589617213
"2017_1240_1323",0.386396589617213
"2017_1240_1329",0.335628107080095
"2017_1240_1332",0.282775672097507
"2017_1240_1343",0.379906107710969
"2017_1240_1344",0.379906107710969
"2017_1240_1345",0.282775672097507
"2017_1240_1348",0.282775672097507
"2017_1240_1355",0.436271822373492
"2017_1240_1371",0.296998098884616
"2017_1240_1374",0.26955797068577
"2017_1240_1376",0.386396589617213
"2017_1240_1388",0.26955797068577
"2017_1240_1407",0.423616295112476
"2017_1240_1411",0.481861279056654
"2017_1240_1413",0.379906107710969
"2017_1240_1417",0.283378265830076
"2017_1240_1423",0.386396589617213
"2017_1240_1425",0.379906107710969
"2017_1240_1433",0.296998098884616
"2017_1240_1435",0.379906107710969
"2017_1240_1436",0.277239332024157
"2017_1240_1437",0.298914678598646
"2017_1240_1438",0.386396589617213
"2017_1240_1439",0.390350387812129
"2017_1240_1448",0.434842717548274
"2017_1240_1452",0.26955797068577
"2017_1240_1455",0.277239332024157
"2017_1240_1457",0.313151131881285
"2017_1240_1458",0.283378265830076
"2017_1240_1462",0.379906107710969
"2017_1242_1243",0.816390678049655
"2017_1242_1245",0.762892418918748
"2017_1242_1246",0.650130776209059
"2017_1242_1257",0.606832575935056
"2017_1242_1266",0.775402564527948
"2017_1242_1268",0.785811571185804
"2017_1242_1274",0.848581107988964
"2017_1242_1276",0.78262885035792
"2017_1242_1277",0.796888897250269
"2017_1242_1278",0.775371081037283
"2017_1242_1291",0.814483658420012
"2017_1242_1292",0.750041304813338
"2017_1242_1297",0.814483658420012
"2017_1242_1300",0.785811571185804
"2017_1242_1305",0.775371081037283
"2017_1242_1308",0.785811571185804
"2017_1242_1309",0.807074799936992
"2017_1242_1314",0.481861279056654
"2017_1242_1315",0.804130059807078
"2017_1242_1321",0.785811571185804
"2017_1242_1323",0.762892418918748
"2017_1242_1329",0.775371081037283
"2017_1242_1332",0.727751955968313
"2017_1242_1343",0.785811571185804
"2017_1242_1344",0.828798534891901
"2017_1242_1345",0.775371081037283
"2017_1242_1348",0.762892418918748
"2017_1242_1355",0.826142041127416
"2017_1242_1371",0.812248466013795
"2017_1242_1374",0.669586197542476
"2017_1242_1376",0.796888897250269
"2017_1242_1388",0.762892418918748
"2017_1242_1407",0.826142041127416
"2017_1242_1411",0.826142041127416
"2017_1242_1413",0.862470773522052
"2017_1242_1417",0.628658237716733
"2017_1242_1423",0.762892418918748
"2017_1242_1425",0.775402564527948
"2017_1242_1433",0.762892418918748
"2017_1242_1435",0.804130059807078
"2017_1242_1436",0.762892418918748
"2017_1242_1437",0.762892418918748
"2017_1242_1438",0.762892418918748
"2017_1242_1439",0.817210146100481
"2017_1242_1448",0.826142041127416
"2017_1242_1452",0.61447867028375
"2017_1242_1455",0.762892418918748
"2017_1242_1457",0.804130059807078
"2017_1242_1458",0.650130776209059
"2017_1242_1462",0.804130059807078
"2017_1243_1245",0.335628107080095
"2017_1243_1246",0.282775672097507
"2017_1243_1257",0.26955797068577
"2017_1243_1266",0.390350387812129
"2017_1243_1268",0.277239332024157
"2017_1243_1274",0.277239332024157
"2017_1243_1276",0.371110237064137
"2017_1243_1277",0.34682541781493
"2017_1243_1278",0.34682541781493
"2017_1243_1291",0.390350387812129
"2017_1243_1292",0.329532425001622
"2017_1243_1297",0.286163658120426
"2017_1243_1300",0.277239332024157
"2017_1243_1305",0.356883666992279
"2017_1243_1308",0.390350387812129
"2017_1243_1309",0.339349717089938
"2017_1243_1314",0.261966890215971
"2017_1243_1315",0.286163658120426
"2017_1243_1321",0.319088006440672
"2017_1243_1323",0.379906107710969
"2017_1243_1329",0.277239332024157
"2017_1243_1332",0.282775672097507
"2017_1243_1343",0.379906107710969
"2017_1243_1344",0.300485095725536
"2017_1243_1345",0.277239332024157
"2017_1243_1348",0.277239332024157
"2017_1243_1355",0.482522166806762
"2017_1243_1371",0.277239332024157
"2017_1243_1374",0.282775672097507
"2017_1243_1376",0.291296396881777
"2017_1243_1388",0.282775672097507
"2017_1243_1407",0.436271822373492
"2017_1243_1411",0.482522166806762
"2017_1243_1413",0.339349717089938
"2017_1243_1417",0.296998098884616
"2017_1243_1423",0.360876023238506
"2017_1243_1425",0.356883666992279
"2017_1243_1433",0.277239332024157
"2017_1243_1435",0.390350387812129
"2017_1243_1436",0.277239332024157
"2017_1243_1437",0.277239332024157
"2017_1243_1438",0.386396589617213
"2017_1243_1439",0.42633247250378
"2017_1243_1448",0.461636954248715
"2017_1243_1452",0.282775672097507
"2017_1243_1455",0.277239332024157
"2017_1243_1457",0.286163658120426
"2017_1243_1458",0.282775672097507
"2017_1243_1462",0.300485095725536
"2017_1245_1246",0.298914678598646
"2017_1245_1257",0.243118187297942
"2017_1245_1266",0.356883666992279
"2017_1245_1268",0.25030429919943
"2017_1245_1274",0.277239332024157
"2017_1245_1276",0.339349717089938
"2017_1245_1277",0.34682541781493
"2017_1245_1278",0.277239332024157
"2017_1245_1291",0.390350387812129
"2017_1245_1292",0.277239332024157
"2017_1245_1297",0.286163658120426
"2017_1245_1300",0.277239332024157
"2017_1245_1305",0.286163658120426
"2017_1245_1308",0.390350387812129
"2017_1245_1309",0.371110237064137
"2017_1245_1314",0.261966890215971
"2017_1245_1315",0.286163658120426
"2017_1245_1321",0.282775672097507
"2017_1245_1323",0.329532425001622
"2017_1245_1329",0.277239332024157
"2017_1245_1332",0.282775672097507
"2017_1245_1343",0.360876023238506
"2017_1245_1344",0.286163658120426
"2017_1245_1345",0.293191527737467
"2017_1245_1348",0.25030429919943
"2017_1245_1355",0.482522166806762
"2017_1245_1371",0.277239332024157
"2017_1245_1374",0.282775672097507
"2017_1245_1376",0.291296396881777
"2017_1245_1388",0.282775672097507
"2017_1245_1407",0.436271822373492
"2017_1245_1411",0.482522166806762
"2017_1245_1413",0.339349717089938
"2017_1245_1417",0.282775672097507
"2017_1245_1423",0.291296396881777
"2017_1245_1425",0.286163658120426
"2017_1245_1433",0.293191527737467
"2017_1245_1435",0.390350387812129
"2017_1245_1436",0.277239332024157
"2017_1245_1437",0.277239332024157
"2017_1245_1438",0.335628107080095
"2017_1245_1439",0.341761092782354
"2017_1245_1448",0.461636954248715
"2017_1245_1452",0.255492897598659
"2017_1245_1455",0.277239332024157
"2017_1245_1457",0.286163658120426
"2017_1245_1458",0.282775672097507
"2017_1245_1462",0.356883666992279
"2017_1246_1257",0.575632558192361
"2017_1246_1266",0.762892418918748
"2017_1246_1268",0.762892418918748
"2017_1246_1274",0.812248466013795
"2017_1246_1276",0.762892418918748
"2017_1246_1277",0.785811571185804
"2017_1246_1278",0.762892418918748
"2017_1246_1291",0.794348810599456
"2017_1246_1292",0.650130776209059
"2017_1246_1297",0.775371081037283
"2017_1246_1300",0.762892418918748
"2017_1246_1305",0.762892418918748
"2017_1246_1308",0.762892418918748
"2017_1246_1309",0.78262885035792
"2017_1246_1314",0.481861279056654
"2017_1246_1315",0.78262885035792
"2017_1246_1321",0.775371081037283
"2017_1246_1323",0.762892418918748
"2017_1246_1329",0.775371081037283
"2017_1246_1332",0.61447867028375
"2017_1246_1343",0.775371081037283
"2017_1246_1344",0.804130059807078
"2017_1246_1345",0.762892418918748
"2017_1246_1348",0.669586197542476
"2017_1246_1355",0.806475631907722
"2017_1246_1371",0.812248466013795
"2017_1246_1374",0.628658237716733
"2017_1246_1376",0.812248466013795
"2017_1246_1388",0.727751955968313
"2017_1246_1407",0.795893736651289
"2017_1246_1411",0.817210146100481
"2017_1246_1413",0.814483658420012
"2017_1246_1417",0.61447867028375
"2017_1246_1423",0.727751955968313
"2017_1246_1425",0.762892418918748
"2017_1246_1433",0.669586197542476
"2017_1246_1435",0.78262885035792
"2017_1246_1436",0.669586197542476
"2017_1246_1437",0.650130776209059
"2017_1246_1438",0.775371081037283
"2017_1246_1439",0.806475631907722
"2017_1246_1448",0.806475631907722
"2017_1246_1452",0.61447867028375
"2017_1246_1455",0.650130776209059
"2017_1246_1457",0.787406306975444
"2017_1246_1458",0.61447867028375
"2017_1246_1462",0.797433553280179
"2017_1257_1266",0.669586197542476
"2017_1257_1268",0.628658237716733
"2017_1257_1274",0.750041304813338
"2017_1257_1276",0.762892418918748
"2017_1257_1277",0.750041304813338
"2017_1257_1278",0.762892418918748
"2017_1257_1291",0.762892418918748
"2017_1257_1292",0.743963562686949
"2017_1257_1297",0.650130776209059
"2017_1257_1300",0.650130776209059
"2017_1257_1305",0.762892418918748
"2017_1257_1308",0.750041304813338
"2017_1257_1309",0.61447867028375
"2017_1257_1314",0.424035995400663
"2017_1257_1315",0.650130776209059
"2017_1257_1321",0.752987630551176
"2017_1257_1323",0.775371081037283
"2017_1257_1329",0.650130776209059
"2017_1257_1332",0.622897332809766
"2017_1257_1343",0.762892418918748
"2017_1257_1344",0.762892418918748
"2017_1257_1345",0.750041304813338
"2017_1257_1348",0.650130776209059
"2017_1257_1355",0.770525679106763
"2017_1257_1371",0.750041304813338
"2017_1257_1374",0.536085423945051
"2017_1257_1376",0.762892418918748
"2017_1257_1388",0.573960739160304
"2017_1257_1407",0.727751955968313
"2017_1257_1411",0.78262885035792
"2017_1257_1413",0.750041304813338
"2017_1257_1417",0.595013288492521
"2017_1257_1423",0.762892418918748
"2017_1257_1425",0.762892418918748
"2017_1257_1433",0.650130776209059
"2017_1257_1435",0.762892418918748
"2017_1257_1436",0.650130776209059
"2017_1257_1437",0.669586197542476
"2017_1257_1438",0.732490484013632
"2017_1257_1439",0.763018869999886
"2017_1257_1448",0.78262885035792
"2017_1257_1452",0.536085423945051
"2017_1257_1455",0.750041304813338
"2017_1257_1457",0.669586197542476
"2017_1257_1458",0.536085423945051
"2017_1257_1462",0.696702532805132
"2017_1266_1268",0.286163658120426
"2017_1266_1274",0.277239332024157
"2017_1266_1276",0.356883666992279
"2017_1266_1277",0.379906107710969
"2017_1266_1278",0.329532425001622
"2017_1266_1291",0.434842717548274
"2017_1266_1292",0.291296396881777
"2017_1266_1297",0.356883666992279
"2017_1266_1300",0.339349717089938
"2017_1266_1305",0.356883666992279
"2017_1266_1308",0.434842717548274
"2017_1266_1309",0.436271822373492
"2017_1266_1314",0.282224790212912
"2017_1266_1315",0.401460630577523
"2017_1266_1321",0.291296396881777
"2017_1266_1323",0.360876023238506
"2017_1266_1329",0.34682541781493
"2017_1266_1332",0.282775672097507
"2017_1266_1343",0.390350387812129
"2017_1266_1344",0.436271822373492
"2017_1266_1345",0.277239332024157
"2017_1266_1348",0.277239332024157
"2017_1266_1355",0.54614060885082
"2017_1266_1371",0.329532425001622
"2017_1266_1374",0.282775672097507
"2017_1266_1376",0.360876023238506
"2017_1266_1388",0.282775672097507
"2017_1266_1407",0.496035017559081
"2017_1266_1411",0.556811367732362
"2017_1266_1413",0.481861279056654
"2017_1266_1417",0.282775672097507
"2017_1266_1423",0.34682541781493
"2017_1266_1425",0.339349717089938
"2017_1266_1433",0.277239332024157
"2017_1266_1435",0.407551136980992
"2017_1266_1436",0.329532425001622
"2017_1266_1437",0.277239332024157
"2017_1266_1438",0.360876023238506
"2017_1266_1439",0.462183098949769
"2017_1266_1448",0.482522166806762
"2017_1266_1452",0.282775672097507
"2017_1266_1455",0.277239332024157
"2017_1266_1457",0.300485095725536
"2017_1266_1458",0.282775672097507
"2017_1266_1462",0.390350387812129
"2017_1268_1274",0.528414382359745
"2017_1268_1276",0.650130776209059
"2017_1268_1277",0.536085423945051
"2017_1268_1278",0.579815263710279
"2017_1268_1291",0.628658237716733
"2017_1268_1292",0.489558076456544
"2017_1268_1297",0.61447867028375
"2017_1268_1300",0.606832575935056
"2017_1268_1305",0.750041304813338
"2017_1268_1308",0.61447867028375
"2017_1268_1309",0.607153985316647
"2017_1268_1314",0.379906107710969
"2017_1268_1315",0.61447867028375
"2017_1268_1321",0.549428687150734
"2017_1268_1323",0.659633654169539
"2017_1268_1329",0.511796540805135
"2017_1268_1332",0.481861279056654
"2017_1268_1343",0.662432636998311
"2017_1268_1344",0.61447867028375
"2017_1268_1345",0.528414382359745
"2017_1268_1348",0.557473561824894
"2017_1268_1355",0.61447867028375
"2017_1268_1371",0.528414382359745
"2017_1268_1374",0.390350387812129
"2017_1268_1376",0.528414382359745
"2017_1268_1388",0.434842717548274
"2017_1268_1407",0.61447867028375
"2017_1268_1411",0.650130776209059
"2017_1268_1413",0.607153985316647
"2017_1268_1417",0.434842717548274
"2017_1268_1423",0.573960739160304
"2017_1268_1425",0.727751955968313
"2017_1268_1433",0.536085423945051
"2017_1268_1435",0.61447867028375
"2017_1268_1436",0.557473561824894
"2017_1268_1437",0.51698203535856
"2017_1268_1438",0.489558076456544
"2017_1268_1439",0.61447867028375
"2017_1268_1448",0.650130776209059
"2017_1268_1452",0.390350387812129
"2017_1268_1455",0.584651045703249
"2017_1268_1457",0.61447867028375
"2017_1268_1458",0.390350387812129
"2017_1268_1462",0.607153985316647
"2017_1274_1276",0.482522166806762
"2017_1274_1277",0.371110237064137
"2017_1274_1278",0.383041008131199
"2017_1274_1291",0.54614060885082
"2017_1274_1292",0.390350387812129
"2017_1274_1297",0.384831851019673
"2017_1274_1300",0.326390310519504
"2017_1274_1305",0.462183098949769
"2017_1274_1308",0.528414382359745
"2017_1274_1309",0.51143451026634
"2017_1274_1314",0.282775672097507
"2017_1274_1315",0.476769090318512
"2017_1274_1321",0.339349717089938
"2017_1274_1323",0.390350387812129
"2017_1274_1329",0.326390310519504
"2017_1274_1332",0.277239332024157
"2017_1274_1343",0.436271822373492
"2017_1274_1344",0.51143451026634
"2017_1274_1345",0.286163658120426
"2017_1274_1348",0.301040420208802
"2017_1274_1355",0.56258129538708
"2017_1274_1371",0.301040420208802
"2017_1274_1374",0.277239332024157
"2017_1274_1376",0.356883666992279
"2017_1274_1388",0.277239332024157
"2017_1274_1407",0.56258129538708
"2017_1274_1411",0.56258129538708
"2017_1274_1413",0.511796540805135
"2017_1274_1417",0.360876023238506
"2017_1274_1423",0.390350387812129
"2017_1274_1425",0.446946467446247
"2017_1274_1433",0.286163658120426
"2017_1274_1435",0.511796540805135
"2017_1274_1436",0.383041008131199
"2017_1274_1437",0.286163658120426
"2017_1274_1438",0.379906107710969
"2017_1274_1439",0.56258129538708
"2017_1274_1448",0.56258129538708
"2017_1274_1452",0.293191527737467
"2017_1274_1455",0.326390310519504
"2017_1274_1457",0.412908563250462
"2017_1274_1458",0.277239332024157
"2017_1274_1462",0.446946467446247
"2017_1276_1277",0.481861279056654
"2017_1276_1278",0.461636954248715
"2017_1276_1291",0.61447867028375
"2017_1276_1292",0.407551136980992
"2017_1276_1297",0.531797834746777
"2017_1276_1300",0.482522166806762
"2017_1276_1305",0.522568886656452
"2017_1276_1308",0.565060985427574
"2017_1276_1309",0.61447867028375
"2017_1276_1314",0.282775672097507
"2017_1276_1315",0.56258129538708
"2017_1276_1321",0.434842717548274
"2017_1276_1323",0.436271822373492
"2017_1276_1329",0.481861279056654
"2017_1276_1332",0.286163658120426
"2017_1276_1343",0.528414382359745
"2017_1276_1344",0.607153985316647
"2017_1276_1345",0.341761092782354
"2017_1276_1348",0.416313875453652
"2017_1276_1355",0.607153985316647
"2017_1276_1371",0.470431397172969
"2017_1276_1374",0.371110237064137
"2017_1276_1376",0.481861279056654
"2017_1276_1388",0.371110237064137
"2017_1276_1407",0.607153985316647
"2017_1276_1411",0.61447867028375
"2017_1276_1413",0.61447867028375
"2017_1276_1417",0.291296396881777
"2017_1276_1423",0.436271822373492
"2017_1276_1425",0.56592821927702
"2017_1276_1433",0.401460630577523
"2017_1276_1435",0.61447867028375
"2017_1276_1436",0.461636954248715
"2017_1276_1437",0.326390310519504
"2017_1276_1438",0.390350387812129
"2017_1276_1439",0.596171690561921
"2017_1276_1448",0.607153985316647
"2017_1276_1452",0.313151131881285
"2017_1276_1455",0.482522166806762
"2017_1276_1457",0.56258129538708
"2017_1276_1458",0.379906107710969
"2017_1276_1462",0.606832575935056
"2017_1277_1278",0.34682541781493
"2017_1277_1291",0.390350387812129
"2017_1277_1292",0.313151131881285
"2017_1277_1297",0.322715299610728
"2017_1277_1300",0.286163658120426
"2017_1277_1305",0.339349717089938
"2017_1277_1308",0.434842717548274
"2017_1277_1309",0.416313875453652
"2017_1277_1314",0.282224790212912
"2017_1277_1315",0.401460630577523
"2017_1277_1321",0.34682541781493
"2017_1277_1323",0.379906107710969
"2017_1277_1329",0.277239332024157
"2017_1277_1332",0.282775672097507
"2017_1277_1343",0.390350387812129
"2017_1277_1344",0.416313875453652
"2017_1277_1345",0.277239332024157
"2017_1277_1348",0.277239332024157
"2017_1277_1355",0.482522166806762
"2017_1277_1371",0.277239332024157
"2017_1277_1374",0.282775672097507
"2017_1277_1376",0.34682541781493
"2017_1277_1388",0.282775672097507
"2017_1277_1407",0.436271822373492
"2017_1277_1411",0.522568886656452
"2017_1277_1413",0.388002750842097
"2017_1277_1417",0.296998098884616
"2017_1277_1423",0.34682541781493
"2017_1277_1425",0.356883666992279
"2017_1277_1433",0.277239332024157
"2017_1277_1435",0.407551136980992
"2017_1277_1436",0.277239332024157
"2017_1277_1437",0.293191527737467
"2017_1277_1438",0.379906107710969
"2017_1277_1439",0.482522166806762
"2017_1277_1448",0.482522166806762
"2017_1277_1452",0.282775672097507
"2017_1277_1455",0.277239332024157
"2017_1277_1457",0.300485095725536
"2017_1277_1458",0.282775672097507
"2017_1277_1462",0.371110237064137
"2017_1278_1291",0.56258129538708
"2017_1278_1292",0.482522166806762
"2017_1278_1297",0.527115529134281
"2017_1278_1300",0.463190579088393
"2017_1278_1305",0.542404783163819
"2017_1278_1308",0.61447867028375
"2017_1278_1309",0.56258129538708
"2017_1278_1314",0.277239332024157
"2017_1278_1315",0.527115529134281
"2017_1278_1321",0.436271822373492
"2017_1278_1323",0.462183098949769
"2017_1278_1329",0.531797834746777
"2017_1278_1332",0.326390310519504
"2017_1278_1343",0.56258129538708
"2017_1278_1344",0.56258129538708
"2017_1278_1345",0.368608722338182
"2017_1278_1348",0.415594030923661
"2017_1278_1355",0.56258129538708
"2017_1278_1371",0.496071851612064
"2017_1278_1374",0.401460630577523
"2017_1278_1376",0.511796540805135
"2017_1278_1388",0.355614019906825
"2017_1278_1407",0.56258129538708
"2017_1278_1411",0.607153985316647
"2017_1278_1413",0.56258129538708
"2017_1278_1417",0.339349717089938
"2017_1278_1423",0.482522166806762
"2017_1278_1425",0.56258129538708
"2017_1278_1433",0.406630283731287
"2017_1278_1435",0.56258129538708
"2017_1278_1436",0.51143451026634
"2017_1278_1437",0.384831851019673
"2017_1278_1438",0.416313875453652
"2017_1278_1439",0.56258129538708
"2017_1278_1448",0.56258129538708
"2017_1278_1452",0.286163658120426
"2017_1278_1455",0.519092794856293
"2017_1278_1457",0.507822101891574
"2017_1278_1458",0.300485095725536
"2017_1278_1462",0.56258129538708
"2017_1291_1292",0.296998098884616
"2017_1291_1297",0.277239332024157
"2017_1291_1300",0.277239332024157
"2017_1291_1305",0.291296396881777
"2017_1291_1308",0.424035995400663
"2017_1291_1309",0.379906107710969
"2017_1291_1314",0.24204109758474
"2017_1291_1315",0.277239332024157
"2017_1291_1321",0.283378265830076
"2017_1291_1323",0.353072531550856
"2017_1291_1329",0.296998098884616
"2017_1291_1332",0.285242616195005
"2017_1291_1343",0.386396589617213
"2017_1291_1344",0.329532425001622
"2017_1291_1345",0.282775672097507
"2017_1291_1348",0.282775672097507
"2017_1291_1355",0.390350387812129
"2017_1291_1371",0.282775672097507
"2017_1291_1374",0.26955797068577
"2017_1291_1376",0.353072531550856
"2017_1291_1388",0.26955797068577
"2017_1291_1407",0.379906107710969
"2017_1291_1411",0.390350387812129
"2017_1291_1413",0.379906107710969
"2017_1291_1417",0.26955797068577
"2017_1291_1423",0.335628107080095
"2017_1291_1425",0.291296396881777
"2017_1291_1433",0.282775672097507
"2017_1291_1435",0.379906107710969
"2017_1291_1436",0.282775672097507
"2017_1291_1437",0.298914678598646
"2017_1291_1438",0.33811800606119
"2017_1291_1439",0.339349717089938
"2017_1291_1448",0.390350387812129
"2017_1291_1452",0.282224790212912
"2017_1291_1455",0.282775672097507
"2017_1291_1457",0.277239332024157
"2017_1291_1458",0.282224790212912
"2017_1291_1462",0.34682541781493
"2017_1292_1297",0.61447867028375
"2017_1292_1300",0.61447867028375
"2017_1292_1305",0.61447867028375
"2017_1292_1308",0.61447867028375
"2017_1292_1309",0.61447867028375
"2017_1292_1314",0.360876023238506
"2017_1292_1315",0.61447867028375
"2017_1292_1321",0.504628235792567
"2017_1292_1323",0.536085423945051
"2017_1292_1329",0.575632558192361
"2017_1292_1332",0.436271822373492
"2017_1292_1343",0.650130776209059
"2017_1292_1344",0.61447867028375
"2017_1292_1345",0.482522166806762
"2017_1292_1348",0.557473561824894
"2017_1292_1355",0.61447867028375
"2017_1292_1371",0.565060985427574
"2017_1292_1374",0.407551136980992
"2017_1292_1376",0.622897332809766
"2017_1292_1388",0.434842717548274
"2017_1292_1407",0.61447867028375
"2017_1292_1411",0.61447867028375
"2017_1292_1413",0.61447867028375
"2017_1292_1417",0.390350387812129
"2017_1292_1423",0.536085423945051
"2017_1292_1425",0.61447867028375
"2017_1292_1433",0.557473561824894
"2017_1292_1435",0.61447867028375
"2017_1292_1436",0.57714963001776
"2017_1292_1437",0.482522166806762
"2017_1292_1438",0.504628235792567
"2017_1292_1439",0.61447867028375
"2017_1292_1448",0.61447867028375
"2017_1292_1452",0.390350387812129
"2017_1292_1455",0.57714963001776
"2017_1292_1457",0.61447867028375
"2017_1292_1458",0.434842717548274
"2017_1292_1462",0.61447867028375
"2017_1297_1300",0.286163658120426
"2017_1297_1305",0.356883666992279
"2017_1297_1308",0.390350387812129
"2017_1297_1309",0.401460630577523
"2017_1297_1314",0.282224790212912
"2017_1297_1315",0.286163658120426
"2017_1297_1321",0.360876023238506
"2017_1297_1323",0.379906107710969
"2017_1297_1329",0.277239332024157
"2017_1297_1332",0.255492897598659
"2017_1297_1343",0.360876023238506
"2017_1297_1344",0.373513215714947
"2017_1297_1345",0.25030429919943
"2017_1297_1348",0.277239332024157
"2017_1297_1355",0.482522166806762
"2017_1297_1371",0.277239332024157
"2017_1297_1374",0.255492897598659
"2017_1297_1376",0.360876023238506
"2017_1297_1388",0.255492897598659
"2017_1297_1407",0.436271822373492
"2017_1297_1411",0.54614060885082
"2017_1297_1413",0.371110237064137
"2017_1297_1417",0.282775672097507
"2017_1297_1423",0.329532425001622
"2017_1297_1425",0.390350387812129
"2017_1297_1433",0.277239332024157
"2017_1297_1435",0.390350387812129
"2017_1297_1436",0.277239332024157
"2017_1297_1437",0.25030429919943
"2017_1297_1438",0.335628107080095
"2017_1297_1439",0.482522166806762
"2017_1297_1448",0.528414382359745
"2017_1297_1452",0.298914678598646
"2017_1297_1455",0.277239332024157
"2017_1297_1457",0.286163658120426
"2017_1297_1458",0.282775672097507
"2017_1297_1462",0.371110237064137
"2017_1300_1305",0.434842717548274
"2017_1300_1308",0.434842717548274
"2017_1300_1309",0.481861279056654
"2017_1300_1314",0.282224790212912
"2017_1300_1315",0.436271822373492
"2017_1300_1321",0.431578488452769
"2017_1300_1323",0.424035995400663
"2017_1300_1329",0.379906107710969
"2017_1300_1332",0.282775672097507
"2017_1300_1343",0.434842717548274
"2017_1300_1344",0.436271822373492
"2017_1300_1345",0.277239332024157
"2017_1300_1348",0.379906107710969
"2017_1300_1355",0.557473561824894
"2017_1300_1371",0.379906107710969
"2017_1300_1374",0.282775672097507
"2017_1300_1376",0.431578488452769
"2017_1300_1388",0.335628107080095
"2017_1300_1407",0.507490834055919
"2017_1300_1411",0.590288244177116
"2017_1300_1413",0.481861279056654
"2017_1300_1417",0.386396589617213
"2017_1300_1423",0.424035995400663
"2017_1300_1425",0.44242977657794
"2017_1300_1433",0.379906107710969
"2017_1300_1435",0.452548681849009
"2017_1300_1436",0.379906107710969
"2017_1300_1437",0.291296396881777
"2017_1300_1438",0.412884744846537
"2017_1300_1439",0.528414382359745
"2017_1300_1448",0.536085423945051
"2017_1300_1452",0.282775672097507
"2017_1300_1455",0.379906107710969
"2017_1300_1457",0.371110237064137
"2017_1300_1458",0.36723392942303
"2017_1300_1462",0.434842717548274
"2017_1305_1308",0.575632558192361
"2017_1305_1309",0.61447867028375
"2017_1305_1314",0.386396589617213
"2017_1305_1315",0.61447867028375
"2017_1305_1321",0.615648493780161
"2017_1305_1323",0.527886689072604
"2017_1305_1329",0.515189961276086
"2017_1305_1332",0.390350387812129
"2017_1305_1343",0.659633654169539
"2017_1305_1344",0.61447867028375
"2017_1305_1345",0.470431397172969
"2017_1305_1348",0.481861279056654
"2017_1305_1355",0.61447867028375
"2017_1305_1371",0.643567292056927
"2017_1305_1374",0.390350387812129
"2017_1305_1376",0.659406744582978
"2017_1305_1388",0.434842717548274
"2017_1305_1407",0.61447867028375
"2017_1305_1411",0.669586197542476
"2017_1305_1413",0.650130776209059
"2017_1305_1417",0.390350387812129
"2017_1305_1423",0.489558076456544
"2017_1305_1425",0.702444397574824
"2017_1305_1433",0.481861279056654
"2017_1305_1435",0.61447867028375
"2017_1305_1436",0.507490834055919
"2017_1305_1437",0.436271822373492
"2017_1305_1438",0.599011535321234
"2017_1305_1439",0.61447867028375
"2017_1305_1448",0.650130776209059
"2017_1305_1452",0.379906107710969
"2017_1305_1455",0.528414382359745
"2017_1305_1457",0.61447867028375
"2017_1305_1458",0.424035995400663
"2017_1305_1462",0.662432636998311
"2017_1308_1309",0.565060985427574
"2017_1308_1314",0.26955797068577
"2017_1308_1315",0.528414382359745
"2017_1308_1321",0.424035995400663
"2017_1308_1323",0.434842717548274
"2017_1308_1329",0.423616295112476
"2017_1308_1332",0.329532425001622
"2017_1308_1343",0.470431397172969
"2017_1308_1344",0.528414382359745
"2017_1308_1345",0.339349717089938
"2017_1308_1348",0.371110237064137
"2017_1308_1355",0.607153985316647
"2017_1308_1371",0.434842717548274
"2017_1308_1374",0.277239332024157
"2017_1308_1376",0.44242977657794
"2017_1308_1388",0.360876023238506
"2017_1308_1407",0.599457313484325
"2017_1308_1411",0.61447867028375
"2017_1308_1413",0.536085423945051
"2017_1308_1417",0.360876023238506
"2017_1308_1423",0.390350387812129
"2017_1308_1425",0.436271822373492
"2017_1308_1433",0.356883666992279
"2017_1308_1435",0.528414382359745
"2017_1308_1436",0.390350387812129
"2017_1308_1437",0.371110237064137
"2017_1308_1438",0.379906107710969
"2017_1308_1439",0.56258129538708
"2017_1308_1448",0.607153985316647
"2017_1308_1452",0.277239332024157
"2017_1308_1455",0.388002750842097
"2017_1308_1457",0.482522166806762
"2017_1308_1458",0.34682541781493
"2017_1308_1462",0.528414382359745
"2017_1309_1314",0.261966890215971
"2017_1309_1315",0.390350387812129
"2017_1309_1321",0.386396589617213
"2017_1309_1323",0.430756680854869
"2017_1309_1329",0.329532425001622
"2017_1309_1332",0.296998098884616
"2017_1309_1343",0.379906107710969
"2017_1309_1344",0.390350387812129
"2017_1309_1345",0.36723392942303
"2017_1309_1348",0.277239332024157
"2017_1309_1355",0.436271822373492
"2017_1309_1371",0.379906107710969
"2017_1309_1374",0.282775672097507
"2017_1309_1376",0.379906107710969
"2017_1309_1388",0.26955797068577
"2017_1309_1407",0.390350387812129
"2017_1309_1411",0.436271822373492
"2017_1309_1413",0.390350387812129
"2017_1309_1417",0.352005961643014
"2017_1309_1423",0.36723392942303
"2017_1309_1425",0.379906107710969
"2017_1309_1433",0.34682541781493
"2017_1309_1435",0.379906107710969
"2017_1309_1436",0.34682541781493
"2017_1309_1437",0.296998098884616
"2017_1309_1438",0.386396589617213
"2017_1309_1439",0.407551136980992
"2017_1309_1448",0.470431397172969
"2017_1309_1452",0.26955797068577
"2017_1309_1455",0.277239332024157
"2017_1309_1457",0.379906107710969
"2017_1309_1458",0.26955797068577
"2017_1309_1462",0.379906107710969
"2017_1314_1315",0.762892418918748
"2017_1314_1321",0.775371081037283
"2017_1314_1323",0.762892418918748
"2017_1314_1329",0.762892418918748
"2017_1314_1332",0.61447867028375
"2017_1314_1343",0.762892418918748
"2017_1314_1344",0.787406306975444
"2017_1314_1345",0.696702532805132
"2017_1314_1348",0.650130776209059
"2017_1314_1355",0.806475631907722
"2017_1314_1371",0.775371081037283
"2017_1314_1374",0.606832575935056
"2017_1314_1376",0.775371081037283
"2017_1314_1388",0.621119968547198
"2017_1314_1407",0.78262885035792
"2017_1314_1411",0.817210146100481
"2017_1314_1413",0.785811571185804
"2017_1314_1417",0.584651045703249
"2017_1314_1423",0.669586197542476
"2017_1314_1425",0.762892418918748
"2017_1314_1433",0.650130776209059
"2017_1314_1435",0.762892418918748
"2017_1314_1436",0.61447867028375
"2017_1314_1437",0.61447867028375
"2017_1314_1438",0.762892418918748
"2017_1314_1439",0.795893736651289
"2017_1314_1448",0.795893736651289
"2017_1314_1452",0.584651045703249
"2017_1314_1455",0.628658237716733
"2017_1314_1457",0.750041304813338
"2017_1314_1458",0.584651045703249
"2017_1314_1462",0.762892418918748
"2017_1315_1321",0.386396589617213
"2017_1315_1323",0.379906107710969
"2017_1315_1329",0.277239332024157
"2017_1315_1332",0.255492897598659
"2017_1315_1343",0.360876023238506
"2017_1315_1344",0.356883666992279
"2017_1315_1345",0.25030429919943
"2017_1315_1348",0.277239332024157
"2017_1315_1355",0.482522166806762
"2017_1315_1371",0.277239332024157
"2017_1315_1374",0.255492897598659
"2017_1315_1376",0.360876023238506
"2017_1315_1388",0.255492897598659
"2017_1315_1407",0.436271822373492
"2017_1315_1411",0.528414382359745
"2017_1315_1413",0.390350387812129
"2017_1315_1417",0.282775672097507
"2017_1315_1423",0.360876023238506
"2017_1315_1425",0.390350387812129
"2017_1315_1433",0.277239332024157
"2017_1315_1435",0.390350387812129
"2017_1315_1436",0.277239332024157
"2017_1315_1437",0.25030429919943
"2017_1315_1438",0.353072531550856
"2017_1315_1439",0.416313875453652
"2017_1315_1448",0.496035017559081
"2017_1315_1452",0.282775672097507
"2017_1315_1455",0.277239332024157
"2017_1315_1457",0.286163658120426
"2017_1315_1458",0.282775672097507
"2017_1315_1462",0.371110237064137
"2017_1321_1323",0.390350387812129
"2017_1321_1329",0.481861279056654
"2017_1321_1332",0.286163658120426
"2017_1321_1343",0.528414382359745
"2017_1321_1344",0.607153985316647
"2017_1321_1345",0.315777031372068
"2017_1321_1348",0.383041008131199
"2017_1321_1355",0.61447867028375
"2017_1321_1371",0.470431397172969
"2017_1321_1374",0.300485095725536
"2017_1321_1376",0.489558076456544
"2017_1321_1388",0.291296396881777
"2017_1321_1407",0.607153985316647
"2017_1321_1411",0.61447867028375
"2017_1321_1413",0.606832575935056
"2017_1321_1417",0.329532425001622
"2017_1321_1423",0.436271822373492
"2017_1321_1425",0.511796540805135
"2017_1321_1433",0.341761092782354
"2017_1321_1435",0.606832575935056
"2017_1321_1436",0.436271822373492
"2017_1321_1437",0.326390310519504
"2017_1321_1438",0.390350387812129
"2017_1321_1439",0.596171690561921
"2017_1321_1448",0.607153985316647
"2017_1321_1452",0.277239332024157
"2017_1321_1455",0.482522166806762
"2017_1321_1457",0.534412326358418
"2017_1321_1458",0.360876023238506
"2017_1321_1462",0.584651045703249
"2017_1323_1329",0.606832575935056
"2017_1323_1332",0.401460630577523
"2017_1323_1343",0.607153985316647
"2017_1323_1344",0.61447867028375
"2017_1323_1345",0.511796540805135
"2017_1323_1348",0.554651897546982
"2017_1323_1355",0.607153985316647
"2017_1323_1371",0.606832575935056
"2017_1323_1374",0.436271822373492
"2017_1323_1376",0.599212128691573
"2017_1323_1388",0.470431397172969
"2017_1323_1407",0.607153985316647
"2017_1323_1411",0.61447867028375
"2017_1323_1413",0.61447867028375
"2017_1323_1417",0.416313875453652
"2017_1323_1423",0.57714963001776
"2017_1323_1425",0.61447867028375
"2017_1323_1433",0.531797834746777
"2017_1323_1435",0.61447867028375
"2017_1323_1436",0.588405715379711
"2017_1323_1437",0.511796540805135
"2017_1323_1438",0.507490834055919
"2017_1323_1439",0.607153985316647
"2017_1323_1448",0.61447867028375
"2017_1323_1452",0.436271822373492
"2017_1323_1455",0.56258129538708
"2017_1323_1457",0.596171690561921
"2017_1323_1458",0.470431397172969
"2017_1323_1462",0.61447867028375
"2017_1329_1332",0.291296396881777
"2017_1329_1343",0.390350387812129
"2017_1329_1344",0.436271822373492
"2017_1329_1345",0.277239332024157
"2017_1329_1348",0.277239332024157
"2017_1329_1355",0.531797834746777
"2017_1329_1371",0.277239332024157
"2017_1329_1374",0.277239332024157
"2017_1329_1376",0.360876023238506
"2017_1329_1388",0.277239332024157
"2017_1329_1407",0.482522166806762
"2017_1329_1411",0.554651897546982
"2017_1329_1413",0.436271822373492
"2017_1329_1417",0.36723392942303
"2017_1329_1423",0.379906107710969
"2017_1329_1425",0.371110237064137
"2017_1329_1433",0.277239332024157
"2017_1329_1435",0.436271822373492
"2017_1329_1436",0.339349717089938
"2017_1329_1437",0.277239332024157
"2017_1329_1438",0.379906107710969
"2017_1329_1439",0.511796540805135
"2017_1329_1448",0.54614060885082
"2017_1329_1452",0.282775672097507
"2017_1329_1455",0.286163658120426
"2017_1329_1457",0.383041008131199
"2017_1329_1458",0.282775672097507
"2017_1329_1462",0.416313875453652
"2017_1332_1343",0.775371081037283
"2017_1332_1344",0.785811571185804
"2017_1332_1345",0.762892418918748
"2017_1332_1348",0.696702532805132
"2017_1332_1355",0.795893736651289
"2017_1332_1371",0.796888897250269
"2017_1332_1374",0.584651045703249
"2017_1332_1376",0.785811571185804
"2017_1332_1388",0.739682982572626
"2017_1332_1407",0.78262885035792
"2017_1332_1411",0.806475631907722
"2017_1332_1413",0.785811571185804
"2017_1332_1417",0.621361837296475
"2017_1332_1423",0.750041304813338
"2017_1332_1425",0.762892418918748
"2017_1332_1433",0.762892418918748
"2017_1332_1435",0.762892418918748
"2017_1332_1436",0.750041304813338
"2017_1332_1437",0.750041304813338
"2017_1332_1438",0.762892418918748
"2017_1332_1439",0.795893736651289
"2017_1332_1448",0.795893736651289
"2017_1332_1452",0.584651045703249
"2017_1332_1455",0.750041304813338
"2017_1332_1457",0.775371081037283
"2017_1332_1458",0.584651045703249
"2017_1332_1462",0.762892418918748
"2017_1343_1344",0.607153985316647
"2017_1343_1345",0.416313875453652
"2017_1343_1348",0.482522166806762
"2017_1343_1355",0.607153985316647
"2017_1343_1371",0.536085423945051
"2017_1343_1374",0.390350387812129
"2017_1343_1376",0.515189961276086
"2017_1343_1388",0.390350387812129
"2017_1343_1407",0.607153985316647
"2017_1343_1411",0.61447867028375
"2017_1343_1413",0.61447867028375
"2017_1343_1417",0.356883666992279
"2017_1343_1423",0.481861279056654
"2017_1343_1425",0.599457313484325
"2017_1343_1433",0.482522166806762
"2017_1343_1435",0.607153985316647
"2017_1343_1436",0.482522166806762
"2017_1343_1437",0.401460630577523
"2017_1343_1438",0.434842717548274
"2017_1343_1439",0.596171690561921
"2017_1343_1448",0.607153985316647
"2017_1343_1452",0.356883666992279
"2017_1343_1455",0.482522166806762
"2017_1343_1457",0.596171690561921
"2017_1343_1458",0.390350387812129
"2017_1343_1462",0.607153985316647
"2017_1344_1345",0.277239332024157
"2017_1344_1348",0.277239332024157
"2017_1344_1355",0.531797834746777
"2017_1344_1371",0.277239332024157
"2017_1344_1374",0.282775672097507
"2017_1344_1376",0.291296396881777
"2017_1344_1388",0.282775672097507
"2017_1344_1407",0.482522166806762
"2017_1344_1411",0.531797834746777
"2017_1344_1413",0.436271822373492
"2017_1344_1417",0.282775672097507
"2017_1344_1423",0.360876023238506
"2017_1344_1425",0.339349717089938
"2017_1344_1433",0.277239332024157
"2017_1344_1435",0.436271822373492
"2017_1344_1436",0.291296396881777
"2017_1344_1437",0.277239332024157
"2017_1344_1438",0.360876023238506
"2017_1344_1439",0.446946467446247
"2017_1344_1448",0.482522166806762
"2017_1344_1452",0.282775672097507
"2017_1344_1455",0.286163658120426
"2017_1344_1457",0.341761092782354
"2017_1344_1458",0.282775672097507
"2017_1344_1462",0.383041008131199
"2017_1345_1348",0.628658237716733
"2017_1345_1355",0.750041304813338
"2017_1345_1371",0.762892418918748
"2017_1345_1374",0.515189961276086
"2017_1345_1376",0.721333607534758
"2017_1345_1388",0.616636297838009
"2017_1345_1407",0.696702532805132
"2017_1345_1411",0.775402564527948
"2017_1345_1413",0.762892418918748
"2017_1345_1417",0.489558076456544
"2017_1345_1423",0.743963562686949
"2017_1345_1425",0.762892418918748
"2017_1345_1433",0.628658237716733
"2017_1345_1435",0.750041304813338
"2017_1345_1436",0.650130776209059
"2017_1345_1437",0.621361837296475
"2017_1345_1438",0.685086689127341
"2017_1345_1439",0.750041304813338
"2017_1345_1448",0.762892418918748
"2017_1345_1452",0.489558076456544
"2017_1345_1455",0.750041304813338
"2017_1345_1457",0.762892418918748
"2017_1345_1458",0.481861279056654
"2017_1345_1462",0.762892418918748
"2017_1348_1355",0.607153985316647
"2017_1348_1371",0.390350387812129
"2017_1348_1374",0.34682541781493
"2017_1348_1376",0.434842717548274
"2017_1348_1388",0.360876023238506
"2017_1348_1407",0.607153985316647
"2017_1348_1411",0.61447867028375
"2017_1348_1413",0.557473561824894
"2017_1348_1417",0.379906107710969
"2017_1348_1423",0.44242977657794
"2017_1348_1425",0.528414382359745
"2017_1348_1433",0.371110237064137
"2017_1348_1435",0.557473561824894
"2017_1348_1436",0.407551136980992
"2017_1348_1437",0.339349717089938
"2017_1348_1438",0.412884744846537
"2017_1348_1439",0.607153985316647
"2017_1348_1448",0.61447867028375
"2017_1348_1452",0.277239332024157
"2017_1348_1455",0.436271822373492
"2017_1348_1457",0.482522166806762
"2017_1348_1458",0.360876023238506
"2017_1348_1462",0.528414382359745
"2017_1355_1371",0.282775672097507
"2017_1355_1374",0.282224790212912
"2017_1355_1376",0.33811800606119
"2017_1355_1388",0.261966890215971
"2017_1355_1407",0.360876023238506
"2017_1355_1411",0.390350387812129
"2017_1355_1413",0.34682541781493
"2017_1355_1417",0.261966890215971
"2017_1355_1423",0.33811800606119
"2017_1355_1425",0.353072531550856
"2017_1355_1433",0.26955797068577
"2017_1355_1435",0.360876023238506
"2017_1355_1436",0.282775672097507
"2017_1355_1437",0.285242616195005
"2017_1355_1438",0.352451999967315
"2017_1355_1439",0.360876023238506
"2017_1355_1448",0.379906107710969
"2017_1355_1452",0.261966890215971
"2017_1355_1455",0.282775672097507
"2017_1355_1457",0.277239332024157
"2017_1355_1458",0.261966890215971
"2017_1355_1462",0.34682541781493
"2017_1371_1374",0.277239332024157
"2017_1371_1376",0.356883666992279
"2017_1371_1388",0.277239332024157
"2017_1371_1407",0.56592821927702
"2017_1371_1411",0.56258129538708
"2017_1371_1413",0.482522166806762
"2017_1371_1417",0.34682541781493
"2017_1371_1423",0.390350387812129
"2017_1371_1425",0.416313875453652
"2017_1371_1433",0.286163658120426
"2017_1371_1435",0.482522166806762
"2017_1371_1436",0.300485095725536
"2017_1371_1437",0.286163658120426
"2017_1371_1438",0.360876023238506
"2017_1371_1439",0.56258129538708
"2017_1371_1448",0.607153985316647
"2017_1371_1452",0.293191527737467
"2017_1371_1455",0.301040420208802
"2017_1371_1457",0.384831851019673
"2017_1371_1458",0.277239332024157
"2017_1371_1462",0.482522166806762
"2017_1374_1376",0.848581107988964
"2017_1374_1388",0.737776178991811
"2017_1374_1407",0.787406306975444
"2017_1374_1411",0.816390678049655
"2017_1374_1413",0.812248466013795
"2017_1374_1417",0.573960739160304
"2017_1374_1423",0.762892418918748
"2017_1374_1425",0.775371081037283
"2017_1374_1433",0.762892418918748
"2017_1374_1435",0.775371081037283
"2017_1374_1436",0.762892418918748
"2017_1374_1437",0.762892418918748
"2017_1374_1438",0.780348873485885
"2017_1374_1439",0.794348810599456
"2017_1374_1448",0.804130059807078
"2017_1374_1452",0.573960739160304
"2017_1374_1455",0.762892418918748
"2017_1374_1457",0.796888897250269
"2017_1374_1458",0.699941320606967
"2017_1374_1462",0.785811571185804
"2017_1376_1388",0.277239332024157
"2017_1376_1407",0.542404783163819
"2017_1376_1411",0.527115529134281
"2017_1376_1413",0.476769090318512
"2017_1376_1417",0.360876023238506
"2017_1376_1423",0.436271822373492
"2017_1376_1425",0.412908563250462
"2017_1376_1433",0.326390310519504
"2017_1376_1435",0.51143451026634
"2017_1376_1436",0.383041008131199
"2017_1376_1437",0.286163658120426
"2017_1376_1438",0.371110237064137
"2017_1376_1439",0.527115529134281
"2017_1376_1448",0.56258129538708
"2017_1376_1452",0.277239332024157
"2017_1376_1455",0.401460630577523
"2017_1376_1457",0.415594030923661
"2017_1376_1458",0.277239332024157
"2017_1376_1462",0.476769090318512
"2017_1388_1407",0.762892418918748
"2017_1388_1411",0.78262885035792
"2017_1388_1413",0.775371081037283
"2017_1388_1417",0.536085423945051
"2017_1388_1423",0.762892418918748
"2017_1388_1425",0.762892418918748
"2017_1388_1433",0.750041304813338
"2017_1388_1435",0.762892418918748
"2017_1388_1436",0.750041304813338
"2017_1388_1437",0.669586197542476
"2017_1388_1438",0.746036522689223
"2017_1388_1439",0.775402564527948
"2017_1388_1448",0.78262885035792
"2017_1388_1452",0.536085423945051
"2017_1388_1455",0.750041304813338
"2017_1388_1457",0.775371081037283
"2017_1388_1458",0.659633654169539
"2017_1388_1462",0.775371081037283
"2017_1407_1411",0.436271822373492
"2017_1407_1413",0.379906107710969
"2017_1407_1417",0.26955797068577
"2017_1407_1423",0.353072531550856
"2017_1407_1425",0.291296396881777
"2017_1407_1433",0.282775672097507
"2017_1407_1435",0.379906107710969
"2017_1407_1436",0.282775672097507
"2017_1407_1437",0.298914678598646
"2017_1407_1438",0.335628107080095
"2017_1407_1439",0.356883666992279
"2017_1407_1448",0.390350387812129
"2017_1407_1452",0.285242616195005
"2017_1407_1455",0.277239332024157
"2017_1407_1457",0.277239332024157
"2017_1407_1458",0.26955797068577
"2017_1407_1462",0.34682541781493
"2017_1411_1413",0.436271822373492
"2017_1411_1417",0.282775672097507
"2017_1411_1423",0.329532425001622
"2017_1411_1425",0.286163658120426
"2017_1411_1433",0.293191527737467
"2017_1411_1435",0.436271822373492
"2017_1411_1436",0.277239332024157
"2017_1411_1437",0.293191527737467
"2017_1411_1438",0.291296396881777
"2017_1411_1439",0.384831851019673
"2017_1411_1448",0.482522166806762
"2017_1411_1452",0.255492897598659
"2017_1411_1455",0.277239332024157
"2017_1411_1457",0.301040420208802
"2017_1411_1458",0.282775672097507
"2017_1411_1462",0.371110237064137
"2017_1413_1417",0.26955797068577
"2017_1413_1423",0.36723392942303
"2017_1413_1425",0.360876023238506
"2017_1413_1433",0.277239332024157
"2017_1413_1435",0.379906107710969
"2017_1413_1436",0.277239332024157
"2017_1413_1437",0.255492897598659
"2017_1413_1438",0.36723392942303
"2017_1413_1439",0.356883666992279
"2017_1413_1448",0.441222016347849
"2017_1413_1452",0.26955797068577
"2017_1413_1455",0.277239332024157
"2017_1413_1457",0.277239332024157
"2017_1413_1458",0.26955797068577
"2017_1413_1462",0.360876023238506
"2017_1417_1423",0.61447867028375
"2017_1417_1425",0.669586197542476
"2017_1417_1433",0.61447867028375
"2017_1417_1435",0.770525679106763
"2017_1417_1436",0.61447867028375
"2017_1417_1437",0.607153985316647
"2017_1417_1438",0.750041304813338
"2017_1417_1439",0.806475631907722
"2017_1417_1448",0.806475631907722
"2017_1417_1452",0.596171690561921
"2017_1417_1455",0.61447867028375
"2017_1417_1457",0.654507971285459
"2017_1417_1458",0.61447867028375
"2017_1417_1462",0.775402564527948
"2017_1423_1425",0.61447867028375
"2017_1423_1433",0.536085423945051
"2017_1423_1435",0.61447867028375
"2017_1423_1436",0.536085423945051
"2017_1423_1437",0.461636954248715
"2017_1423_1438",0.549428687150734
"2017_1423_1439",0.61447867028375
"2017_1423_1448",0.61447867028375
"2017_1423_1452",0.423616295112476
"2017_1423_1455",0.568088590618264
"2017_1423_1457",0.628658237716733
"2017_1423_1458",0.434842717548274
"2017_1423_1462",0.61447867028375
"2017_1425_1433",0.286163658120426
"2017_1425_1435",0.557473561824894
"2017_1425_1436",0.401460630577523
"2017_1425_1437",0.286163658120426
"2017_1425_1438",0.360876023238506
"2017_1425_1439",0.56258129538708
"2017_1425_1448",0.607153985316647
"2017_1425_1452",0.277239332024157
"2017_1425_1455",0.341761092782354
"2017_1425_1457",0.412908563250462
"2017_1425_1458",0.291296396881777
"2017_1425_1462",0.482522166806762
"2017_1433_1435",0.584651045703249
"2017_1433_1436",0.489558076456544
"2017_1433_1437",0.452548681849009
"2017_1433_1438",0.480542256398962
"2017_1433_1439",0.61447867028375
"2017_1433_1448",0.628658237716733
"2017_1433_1452",0.379906107710969
"2017_1433_1455",0.515189961276086
"2017_1433_1457",0.584651045703249
"2017_1433_1458",0.424035995400663
"2017_1433_1462",0.584651045703249
"2017_1435_1436",0.329532425001622
"2017_1435_1437",0.277239332024157
"2017_1435_1438",0.360876023238506
"2017_1435_1439",0.446946467446247
"2017_1435_1448",0.482522166806762
"2017_1435_1452",0.282775672097507
"2017_1435_1455",0.277239332024157
"2017_1435_1457",0.339349717089938
"2017_1435_1458",0.282775672097507
"2017_1435_1462",0.371110237064137
"2017_1436_1437",0.470431397172969
"2017_1436_1438",0.44242977657794
"2017_1436_1439",0.61447867028375
"2017_1436_1448",0.61447867028375
"2017_1436_1452",0.390350387812129
"2017_1436_1455",0.528414382359745
"2017_1436_1457",0.61447867028375
"2017_1436_1458",0.434842717548274
"2017_1436_1462",0.61447867028375
"2017_1437_1438",0.762892418918748
"2017_1437_1439",0.806475631907722
"2017_1437_1448",0.806475631907722
"2017_1437_1452",0.61447867028375
"2017_1437_1455",0.669586197542476
"2017_1437_1457",0.795893736651289
"2017_1437_1458",0.650130776209059
"2017_1437_1462",0.794348810599456
"2017_1438_1439",0.61447867028375
"2017_1438_1448",0.61447867028375
"2017_1438_1452",0.356883666992279
"2017_1438_1455",0.531797834746777
"2017_1438_1457",0.56258129538708
"2017_1438_1458",0.390350387812129
"2017_1438_1462",0.61447867028375
"2017_1439_1448",0.596171690561921
"2017_1439_1452",0.277239332024157
"2017_1439_1455",0.341761092782354
"2017_1439_1457",0.446946467446247
"2017_1439_1458",0.291296396881777
"2017_1439_1462",0.482522166806762
"2017_1448_1452",0.282775672097507
"2017_1448_1455",0.277239332024157
"2017_1448_1457",0.286163658120426
"2017_1448_1458",0.282775672097507
"2017_1448_1462",0.371110237064137
"2017_1452_1455",0.669586197542476
"2017_1452_1457",0.669586197542476
"2017_1452_1458",0.489558076456544
"2017_1452_1462",0.750041304813338
"2017_1455_1457",0.762892418918748
"2017_1455_1458",0.44242977657794
"2017_1455_1462",0.750041304813338
"2017_1457_1458",0.34682541781493
"2017_1457_1462",0.57714963001776
"2017_1458_1462",0.61447867028375
